cmd_61728e47275200.21078684,1634897479,0,toto,tom,ngr,"44 rut gfdfgd 69000 lyon",bidule@tretre.gf,"01 23 45 67 89",PR2,"Bob figure",21.65
cmd_6172a793a92829.19444961,1634903955,0,toto,tom,ngr,"44 rue gfdfgd 69000 lyon",bidule@tretre.gf,"01 23 45 67 89",PR2,"Bob figure",21.65
cmd_6172a8ac540d24.43532018,1634904236,0,toto,tom,ngr,"44 rue gfdfgd 69000 lyon",bidule@tretre.gf,"01 23 45 67 89",PR2,"Bob figure",21.65
cmd_6172a9c0215997.83602178,1634904512,0,toto,tom,ngr,"44 rue gfdfgd 69000 lyon",bidule@tretre.gf,"01 23 45 67 89",PR2,"Bob figure",21.65
cmd_6172abbe0792d2.56244304,1634905022,0,toto,tom,ngr,"44 rue gfdfgd 69000 lyon",bidule@tretre.gf,"01 23 45 67 89",PR2,"Bob figure",21.65
cmd_6172ac2e178f60.66781151,1634905134,0,toto,tom,ngr,"44 rue gfdfgd 69000 lyon",bidule@tretre.gf,"01 23 45 67 89",PR2,"Bob figure",21.65
cmd_6172ac99c988d9.22676440,1634905241,0,toto,tom,ngr,"44 rue gfdfgd 69000 lyon",bidule@tretre.gf,"01 23 45 67 89",PR2,"Bob figure",21.65
cmd_6172a8c2cdcc36.63696030,1634904258,-1,toto,tom,ngr,"44 rue gfdfgd 69000 lyon",bidule@tretre.gf,"01 23 45 67 89",PR2,"Bob figure",21.65
cmd_6172b053a2a333.00983560,1634906195,0,fdsfsdfdsfsd,fdsfsd,fdsfsd,"fdsfds 12365 fdsfds",fdfsdfds@fdsfds.gf,0123456789,PR3,"Boy Figure",19.25
cmd_6172b0e5252607.29213865,1634906341,0,rrrrrrrrrrrrrrr,rrrrrrrr,rrrrrrr,"rrrrrrrrrrrr 03215 rrrrrrrrrrr",rrrrrrrr@rrrrrrrr.rr,0123456789,PR1,"Alice Figure",25.36
cmd_6172b420129177.99421930,1634907168,0,tttttttttt,ttttt,ttttt,"ttttt 03126 ttttt",ttttt@ttt.tt,0123456789,PR1,"Alice Figure",25.36
cmd_6172b5afc416f5.08903613,1634907567,0,ffffffffff,fffff,fffff,"fffff 23561 fffff",fffff@ffff.ff,0123456789,PR1,"Alice Figure",25.36
cmd_6172c24b8e9a32.52010252,1634910795,1,rrrrrrrrrrrr,rrrrrr,rrrrrr,"rrrrrr 23569 rrrrrr",rrrrrr@rrrrr.rr,0123456789,PR2,"Bob figure",21.65
cmd_6172c9b575ea37.55139687,1634912693,0,fdsfsdffdsfsdf,fdsfsdf,fdsfsdf," 56320 fdsfsd",fdsfdsf@dsfsd.gf,0123123123,PR1,"Alice Figure",25.36
cmd_6172cb2f613216.43271874,1634913071,0,hgfhgfhghgfhfg,ghgfhfg,hgfhgfh," 45623 hgfhgfh",hghgfh@rgfhgf.gf,0123123123,PR1,"Alice Figure",25.36
cmd_6176865eb72543.99575387,1635157598,0,gfdgfdggfgfdgfdggfdgfd,gfgfdgfdggfdgfd,gfdgfdg,"gfdgfdgd 01234 gfdgfdg",gfdgfdgd@fdgfdg.gf,0123456789,PR2,"Bob figure",21.65
cmd_617687ea753933.53188009,1635157994,0,fdfdfdffdfdfdf,fdfdfdf,fdfdfdf,"fdfdfdf 01234 fdfdfdf",fdfdfdf@fdfdfdf.fd,0123456789,PR2,"Bob figure",21.65
cmd_6176881ee28b39.30256310,1635158046,0,dsfdsfsdffdsfdsf,fdsfdsf,dsfdsfsdf,"dfsfdsfs 01234 dfsdfdsf",fdsfdsf@fdfsdfs.fd,0123456789,PR2,"Bob figure",21.65
cmd_6176997a7d41a4.36169663,1635162490,0,gfdgfdggfdgfdg,gfdgfdg,gfdgfdg,"gfdgfdg 01234 fgdgfdg",gfdgfdg@dgfdg.fd,0123123123,PR1,"Alice Figure",25.36
cmd_61769eba0a4d19.08344173,1635163834,0,gfdgfgdgfdgfdg,gfdgfdg,gfdgfgd,"gfdgfdg 01234 gfdgfdg",gfdgfdgd@fdgfdg.fd,0123456789,PR1,"Alice Figure",25.36
